grade_band,student_count,avg_absences,pct_internet
High,34,1.588235294117647,100.0
Low,3,1.3333333333333333,100.0
Medium,53,1.2264150943396226,100.0
